{"cameraMode":{"drawMode":0,"name":"Shaded","section":"Shading Mode"},"sceneLighting":true,"audioPlay":false,"sceneViewState":{"showFog":true,"showMaterialUpdate":false,"showSkybox":true,"showFlares":true,"showImageEffects":true,"showParticleSystems":true},"in2DMode":false,"pivot":{"x":-1.5539851188659669,"y":-0.27184629440307619,"z":1.0406346321105958},"rotation":{"x":-0.12554076313972474,"y":0.8541498780250549,"z":-0.24220556020736695,"w":-0.44272664189338686},"size":9.97974967956543,"orthographic":false}