{"cameraMode":{"drawMode":0,"name":"Shaded","section":"Shading Mode"},"sceneLighting":true,"audioPlay":false,"sceneViewState":{"showFog":true,"showMaterialUpdate":false,"showSkybox":true,"showFlares":true,"showImageEffects":true,"showParticleSystems":true},"in2DMode":false,"pivot":{"x":-1.2730313539505005,"y":3.1110544204711916,"z":-9.256098747253418},"rotation":{"x":-0.3504999279975891,"y":0.35978779196739199,"z":-0.14802506566047669,"w":-0.8519370555877686},"size":17.29798698425293,"orthographic":false}